;Jim_Thomas;Eleftherios_Koutsofios;Lawrence_A._Rowe;Jonathan_I._Helfman;Ken_Pier
Jim_Thomas;1.0;0.097384;0.12563;0.109691;0.275405;
Eleftherios_Koutsofios;1.0;0.097384;0.12563;0.109691;0.275405;
Lawrence_A._Rowe;1.0;0.097384;0.12563;0.109691;0.275405;
Jonathan_I._Helfman;1.0;0.097384;0.12563;0.109691;0.275405;
Ken_Pier;1.0;0.097384;0.12563;0.109691;0.275405;
